intro	open		0	大家好。这段视频是今天订餐App首期产研对齐会的主持人。我们分两节，过一遍四个分歧点和一道挑战题。每到暂停提示，请暂停视频，讨论出结论再继续。规则有三条：已经确认的支付方式和配送范围，不再重新投票；技术事实由研发拿证据，不让产品猜接口；结论请按固定格式说出来。
phrase	phrase		0	说结论时请这样讲：A零一，决定是什么，理由，谁负责，下一步拿什么证据。没定下来的，就说：A零一，暂缓，在等什么。会后，录音转成文字，AI按这个格式回填决策表，人确认后再更新文档。
s1	section	S1	0	第一节，基线与口径，建议十分钟。
A01	item	S1	0	A零一，原型没读到。需求写的是，交互原型是首期验收基线，所有页面以原型为准。研发的复述稿注明，原型链接没有权限，是按文字需求理解的。这是资料可达性的问题，不是谁的问题。风险是页面结构按猜测实现，验收时大面积返工。建议交付冻结版原型离线包，研发读完后重新复述一次。请暂停，确认谁交付离线包，哪天完成重新复述。
A02	item	S1	0	A零二，订单状态命名。需求写的是，订单状态共五个：待接单、已接单、配送中、已送达、已取消。研发稿用了处理中，把待接单和已接单合并了。风险是取消规则依赖是否已接单，合并后规则没法表达。建议沿用需求的五个状态，客户端展示文案可以另议。请暂停，确认状态机是否按五个状态实现。
s2	section	S2	0	第二节，取消订单与退款，建议二十分钟。
A03	item	S2	0	A零三，取消订单。需求写的是，骑手接单前，用户可以随时取消，并且马上退款。研发稿写的是，首期暂不做取消按钮。没有按钮，不等于没有取消能力，风险是这条能力被静默砍掉。建议是：不强加按钮，但明确取消入口在哪里、退款多久到账。请暂停，确认首期用户能不能取消、从哪里取消。
G1	grill	S2	0	挑战题G一，挂在A零三上。如果用户在骑手接单的同一秒点了取消，以谁为准？取消规则的边界，最容易在并发时出事。请暂停，研发说清楚系统现在怎么判，结论归到A零三。
A04	item	S2	0	A零四，退款时效。需求写的是，取消后即时原路退款，这在评审会上已经确认过。研发稿写的是，退款走每日批量，T加一到账。风险是用户投诉取消了钱没回来，客服压力集中在首周。建议保留即时退款的口径；做不到的话，明确降级方案和给用户的提示。请暂停，确认首期即时退款能不能做到，做不到的提示文案谁来定。
close	close		0	四个分歧和一道挑战题都过完了。会后，录音转成文字，AI按编号回填决策表，标出没说清的，交给大家确认。只有确认过的结论，才写进需求文档和开发计划；没定的，保留为阻塞项。谢谢大家。
