intro	open		0	大家好。这段视频是今天打车App首期对齐会的主持人。我们分两节，过一遍五个分歧点和一道挑战题。每到暂停提示，请暂停视频，讨论出结论再继续。规则有三条：已经确认的城市范围和支付方式，不再重新投票；技术事实由研发拿证据；结论请按固定格式说出来。
phrase	phrase		0	说结论时请这样讲：A零一，决定是什么，理由，谁负责，下一步拿什么证据。没定下来的，就说：A零一，暂缓，在等什么。会后，录音转成文字，AI按这个格式回填决策表，人确认后再更新文档。
s1	section	S1	0	第一节，价格与计费，建议二十分钟。
A01	item	S1	0	A零一，一口价。需求写的是，下单时显示一口价，行程中不随路况变化，这在评审会上已经确认过。研发稿写的是，按实际里程和时长计价，下单价只是预估。风险是乘客看到的价和扣的钱对不上。建议保留一口价，改道或加途经点时再重新报价。请暂停，确认首期是不是一口价，哪些情况允许重新报价。
A02	item	S1	0	A零二，等待费起算。需求写的是，司机到达上车点五分钟后，才开始计等待费。研发稿写的是，司机点了已到达，就开始计费。风险是乘客刚到就被收费，司机也可能提前点到达。建议按五分钟免费等待，到达状态要校验司机定位。请暂停，确认等待费从哪一刻开始算。
s2	section	S2	0	第二节，取消、迟到与安全，建议二十五分钟。
A03	item	S2	0	A零三，免费取消窗口。需求写的是，司机接单后两分钟内，乘客取消免费。研发稿写的是，接单后取消，一律收取消费。风险是乘客叫错车也被扣钱，取消费变成头号差评。建议沿用两分钟免费窗口，取消弹窗显示剩余免费时间。请暂停，确认免费窗口是否保留，倒计时从什么时候算。
G1	grill	S2	0	挑战题G一，挂在A零三上。乘客点取消的同一秒，司机点了已到达，以谁为准？取消费和等待费的边界，最容易在并发时出事。请暂停，研发说清楚系统现在怎么判，结论归到A零三。
A04	item	S2	0	A零四，司机迟到。需求写的是，司机超过预计到达时间五分钟还没到，乘客可以免责取消。研发稿没有提超时判定，取消一律按A零三处理。风险是司机迟到，乘客取消反而被收费，责任方向反了。建议增加超时判定，超时后取消费归零。请暂停，确认超时阈值，以及由谁的数据来判定。
A05	item	S2	0	A零五，行程分享。需求写的是，行程开始后，默认向紧急联系人分享实时位置。研发稿写的是，首期不做分享按钮。没有按钮，不等于没有分享能力，风险是安全底线能力被静默砍掉。建议按钮可以不做，但默认分享保留，在设置里可以关闭。请暂停，确认首期是否默认分享。
close	close		0	五个分歧和一道挑战题都过完了。会后，录音转成文字，AI按编号回填决策表，标出没说清的，交给大家确认。只有确认过的结论，才写进需求文档和开发计划；没定的，保留为阻塞项。谢谢大家。
